Question Number,Question ID,Category,Question,Reviewer Answer,Agreement Label,Reviewer Notes,Reviewer ID,Adjudication Status
24,F024,FACTUAL,What global GHG emission reduction does IPCC AR6 WG3 recommend by 2030 to limit warming to 1.5 degrees Celsius?,"~43% reduction in net global GHG emissions by 2030 (relative to 2019; range 34–60%), for pathways limiting warming to 1.5°C (>50%) with no or limited overshoot",Full,,Reviewer 1,Not formally adjudicated
64,G009,GAP DETECTION,Is there a contradiction between China's 2060 carbon neutrality commitment and IPCC AR6's recommendation for achieving net zero CO2 by around 2050?,"Based only on this document, the question cannot be answered. The document states China's commitment — peak CO2 before 2030 and carbon neutrality before 2060 (PDF pp.5, 8) — and defends this differentiated timeline on equity/CBDR grounds (PDF pp.8–9, 49–50). But it never states IPCC AR6's ""net zero by ~2050"" recommendation; its only IPCC references (AR5 on p.29, AR6 author count on p.53) give no target year. With no IPCC benchmark in the text, no contradiction can be identified from this document alone.",Partial,"consistent on the raw numbers, divergent on sourcing scope and on how confidently a ""contradiction"" can be declared.",Reviewer 1,Not formally adjudicated
42,C012,COMPARATIVE,How do India's and China's NDC submissions reference the principle of common but differentiated responsibilities (CBDR)?,"Both India and China invoke CBDR but with different emphasis. India frames it around climate justice, highlighting its per capita emissions of only 1.56 metric tonnes against 7–15 metric tonnes in developed countries, and quotes its Prime Minister that CBDR is ""the bedrock of our collective enterprise"", making its INDC contingent on developed country finance and technology transfer. China frames CBDR as a legal and structural obligation, demanding it be embedded in the Paris Agreement text, clearly stating developed countries must take ""economy-wide absolute quantified emission reduction targets"" while developing countries act only when ""supported and enabled by finance, technology and capacity building."" Both agree developed countries must lead, but India uses CBDR to protect its development rights while China uses it to enforce binding differentiated obligations.",Partial,"The existing answer captures the broad difference correctly but misses key document-specific evidence such as India's 1.56 metric tonnes per capita emission figure, the PM's direct CBDR quote, and China's legal demand for ""economy-wide absolute quantified emission reduction targets",Reviewer 1,Not formally adjudicated
56,G001,GAP DETECTION,What is the gap between China's 2030 non-fossil energy target and IPCC AR6 recommendations for the energy sector?,"China aims for non-fossil sources to account for about 25% of primary energy consumption by 2030. IPCC AR6 scenarios indicate that a 1.5°C-consistent pathway would require roughly 31–41% non-fossil energy by 2030, whereas a 2°C pathway requires around 25–29%. As a result, China's target is broadly in line with the lower range of 2°C pathways but remains below the levels typically associated with a 1.5°C trajectory, leaving an estimated shortfall of 6–16 percentage points relative to 1.5°C benchmarks.",Full,raw/NDC/China/NDC2_2021_China.pdf  raw/IPCC_AR6/WG3/WG3_Chapter06_EnergySystems_2022.pdf  raw/IPCC_AR6/WG3/WG3_SPM_2022.pdf,Reviewer 1,Not formally adjudicated
39,C009,COMPARATIVE,How did China's renewable energy target evolve between NDC1 (2016) and NDC2 (2021)?,"China's NDC1 (2015) set a target of 20% non-fossil fuels in primary energy consumption by 2030, along with a 200 GW solar capacity goal. NDC2 (2021) strengthened this by raising the non-fossil fuel share to 25% and introducing a much more ambitious combined wind and solar capacity target of over 1,200 GW by 2030. While the energy mix target saw a modest 5 percentage point increase, the capacity target represents a dramatic scale-up, reflecting China's accelerated renewable energy ambitions over the five-year period.",Full,,Reviewer 1,Not formally adjudicated
28,F028,FACTUAL,How did India's NDC2 (2022) update its renewable energy target compared to NDC1 (2015)?,Confirmed in NDC2_2022_India: 'about 50 percent' non-fossil installed capacity by 2030 (40% in NDC1) and emissions intensity 45% below 2005 (33-35% in NDC1).,Full,,Reviewer 1,Not formally adjudicated
10,F010,FACTUAL,What is the European Union's binding 2030 greenhouse gas reduction target under its NDC2?,EU's Binding 2030 Greenhouse Gas Reduction Target  The EU and its Member States are committed to a binding target of a net domestic reduction of at least 55% in greenhouse gas emissions by 2030 compared to 1990 levels.,Full,,Reviewer 1,Not formally adjudicated
79,G024,GAP DETECTION,What is the gap between G20 developed nations' climate finance commitments in their NDC2 and the IPCC-identified needs of developing nations?,Gap = ~USD 394 billion/year (5× underfunded)    Delivered: USD 79.6B/year (2019)  IPCC need: USD 474B/year by 2030  Own $100B pledge: never met — $20.4B short  NDC2 texts: no finance commitments from any G20 developed nation except UK (£11.6B/5 years)    Sources: WG3_Chapter14 · WG2_Chapter17 · G20 NDC2 files,Partial,"Correct on the $100B gap and absent NDC2 commitments, but the $2.4 trillion figure and ""24× underfunding"" claim do not exist in your documents; the correct figure is $474B/year (5× gap).",Reviewer 1,Not formally adjudicated
67,G012,GAP DETECTION,Identify the gap between India's agriculture sector NDC commitments and IPCC AR6 recommendations for agricultural emissions.,"Gap: India Agriculture NDC2 vs. IPCC AR6  India NDC2: Agriculture mentioned once — adaptation only, zero quantified mitigation targets for CH₄/N₂O.  IPCC AR6 recommends: 1.8–4.1 GtCO₂-eq/yr reduction from crop & livestock management, 50% achievable at under USD 20/tCO₂-eq — near-term, low-cost.  Gap = Complete structural absence, not a shortfall in degree  India reframes agriculture as a climate victim; IPCC identifies it as one of the most cost-effective mitigation opportunities — especially critical given India holds the world's largest livestock population and extensive rice paddy coverage.  Sources: NDC2_2022_India.pdf · WG3_SPM_2022.pdf · WG3_Chapter02",Partial,"Correct on missing quantified targets and adaptation framing, but ""20–30% mitigation by 2050"" and ""14% of national emissions"" are not found anywhere in your documents.",Reviewer 1,Not formally adjudicated
44,C014,COMPARATIVE,"Compare the structural quality of Indonesia's NDC2 versus Turkey's NDC2 in terms of specificity, measurability, and time-bound targets.","Indonesia's NDC2 is more structured and detailed: sector-specific targets (energy, transport, forestry, agriculture, waste), both unconditional (29%) and conditional (41%) targets backed by a full sector-by-sector reduction table (Table 1, p22), and a dedicated adaptation annex. Turkey's NDC2 gives a single economy-wide 41%-vs-BAU target with no sector breakdown, but stronger time-bound anchors (base year 2012, peak by 2038, net-zero by 2053, quantified BAU of 1,175 Mt incl. LULUCF). Indonesia scores higher on measurability and specificity; Turkey on time-bound clarity.",Partial,"Agree: Indonesia is more structured (sector-specific targets, conditional/unconditional split, adaptation annex) and higher on specificity; Turkey gives one 41%-vs-BAU target with no sector breakdown.    Disagree: percentages are wrong — this 2021 doc says 29%/41% (p22), not 31.89%/43.20% (those are the 2022 Enhanced NDC). And ""Just Transition"" is Indonesia's strength, not Turkey's.",Reviewer 1,Not formally adjudicated
54,C024,COMPARATIVE,Compare the transparency and reporting commitments in Japan's and South Korea's NDC2 submissions.,"Japan offers stronger technical transparency — detailed sector-by-sector emission breakdowns using updated IPCC Fourth Assessment GWPs, with annual Prime Minister-led reviews. South Korea offers stronger institutional transparency — legally binding targets under the Carbon Neutrality Act (2021) and a more inclusive review process through the 2050 Carbon Neutrality Commission involving civil society and youth. Both submit annual progress reports publicly, but Japan is more methodologically rigorous while South Korea is more legislatively and participatorily robust.",Partial,"The points on Japan's legislative grounding and South Korea's K-ETS monitoring linkage are reasonable. However, neither document explicitly mentions ""biennial transparency reporting"" — that term does not appear in either NDC2 text. Also, Japan's ""Basic Environment Plan"" is not referenced in the uploaded Japan NDC2 document. These appear to be external knowledge claims not supported by the uploaded documents, which was the agreed basis for this analysis.",Reviewer 1,Not formally adjudicated
18,F018,FACTUAL,What are Mexico's unconditional and conditional GHG reduction targets under its NDC2?,"Mexico's NDC2 targets:  GHG emissions: 35% unconditional reduction by 2030 (30% domestic + 5% international), rising to up to 40% conditional on international support.  Black carbon: 51% unconditional, 70% conditional by 2030.  Baseline: 991 MtCO₂e (2030). The 35% equals 347 MtCO₂e avoided; conditional commitments total 397 MtCO₂e.",Partial,More details needed in your answer,Reviewer 1,Not formally adjudicated
47,C017,COMPARATIVE,How do the USA's and EU's NDC2 submissions address methane reduction compared to the IPCC-recommended 34 percent reduction by 2030?,"Neither NDC2 sets a methane-specific target—both fold methane into an economy-wide, all-gas cut (US: 50–52% below 2005; EU: ≥55% below 1990, by 2030), addressing it only qualitatively (US: leak plugging, manure/nutrient management; EU: waste rules, falling fugitive emissions). With methane not disaggregated and the 34% IPCC figure unreferenced, neither can be measured against it without modelling the implied methane trajectory from external data.",Partial,"right on the targets and the missing 34%-aligned figure, but it imports two facts not in the documents.",Reviewer 1,Not formally adjudicated
29,F029,FACTUAL,Does Indonesia's NDC2 explicitly address loss and damage from climate change?,"No. While the document briefly mentions loss and damage once in Section 1.2 — noting that successful mitigation will help Indonesia better deal with it — there is no dedicated section, specific targets, funding allocation, or policy framework addressing loss and damage as a standalone issue in Indonesia's NDC2.",Full,,Reviewer 1,Not formally adjudicated
16,F016,FACTUAL,What is South Korea's 2030 NDC target expressed as a percentage reduction from BAU?,"South Korea's NDC2 target is a 40% reduction from 2018 GHG levels (727.6 MtCO2eq) by 2030 — an absolute base-year target. The document states Korea replaced its earlier BAU-based target with an economy-wide absolute target, so the target cannot be expressed as a reduction from BAU; the question's premise does not match the document.",Partial,More details needed in your answer,Reviewer 1,Not formally adjudicated
9,F009,FACTUAL,What net zero target has the UK set and what legislation underpins it?,"Target: Net zero greenhouse gas emissions by 2050, on a whole-economy basis.  Legislation: The Climate Change Act 2008 — amended on 27 June 2019 — makes this a legally binding commitment.",Full,,Reviewer 1,Not formally adjudicated
72,G017,GAP DETECTION,What is the gap in G20 NDC2 submissions regarding nature-based solutions and biodiversity protection compared to IPCC recommendations?,"The IPCC WG3 SPM (Section D.1.4) explicitly recommends reforestation, forest conservation, and restoration of natural ecosystems and biodiversity as high-synergy mitigation options. However, most G20 NDC2s fall short — only UK and Canada make explicit NbS commitments; Brazil, Indonesia, and Argentina mention forests/ecosystems but without quantified targets; while USA, India, South Korea, Mexico, and Saudi Arabia include no NbS or biodiversity protection commitments at all. WG3 Chapter 13 itself confirms the gap, noting only that ""some NDCs include EbA and NbS.""",Partial,"The directional finding (G20 NDC2s lack quantified NbS targets vs. IPCC recommendations) is supported by the documents, but the specific ""10–12 GtCO₂e/year"" figure and ""WG3 Chapter 7"" reference cannot be verified as that chapter is absent from the zip.",Reviewer 1,Not formally adjudicated
40,C010,COMPARATIVE,How does the UK's NDC2 assess its per-capita emissions relative to global 1.5 degree pathway benchmarks?,"The UK assesses its NDC2 as aligned with IPCC 1.5°C pathways on both per-capita and economy-wide measures. Projected 2030 emissions of under 4 tCO2e per person fall within the 3.5–4 tCO2e range implied by median 1.5°C scenarios. Its ~42% cut on 2019 levels marginally exceeds AR6's ~41% benchmark, and its ~57% cut on 2010 levels clears SR1.5's ~45% mark. The NDC is also on a trajectory to net zero by 2050, consistent with a least-cost path to staying below 1.5°C.",Full,,Reviewer 1,Not formally adjudicated
31,C001,COMPARATIVE,Compare the 2030 GHG reduction targets of the United States and the European Union. Which is more ambitious and why?,"The US (NDC2_2021_USA) targets 50–52% below 2005 levels by 2030 (base emissions: 6,635 Mt CO₂e), while the EU (NDC2_2020_EU) targets at least 55% below 1990 levels by 2030 through domestic measures only. However, the EU document notes emissions had already fallen ~26% below 1990 by 2019, with peaks as far back as 1979, meaning much of the reduction reflects prior structural change. The US document notes it was already at 17% below 2005 by 2020, cutting from a higher, more recent baseline. On headline numbers the EU leads, but the real-world ambition gap is smaller than it appears.",Partial,The existing answer is partially correct but includes claims outside the documents. My answer stays fully within the documents while providing stronger context.,Reviewer 1,Not formally adjudicated
65,G010,GAP DETECTION,What is the gap in G20 NDC2 submissions regarding loss and damage compared to IPCC AR6 WG2 findings on irreversible climate impacts?,"WG2_SPM_2022.pdf (p.13) — actions limiting warming to 1.5°C ""cannot eliminate them all"" (very high confidence).  WG2_Chapter17 (p.25) — L&D assessments in NDCs ""have remained scarce"" (high confidence).  WG2_Chapter18 (p.72) — explicitly flags ""little consideration of the implications of NDCs for poverty and livelihoods"" and ""limits to adaptation"" as key barriers.  Against this, 15 of 17 G20 NDC2s contain zero mention of loss and damage. NDC2_2021_South_Africa.pdf and NDC2_2022_Indonesia.pdf make passing references only — no targets, no finance, no governance.",Partial,"Correct that no G20 NDC2 has quantified L&D finance commitments, but wrong that India mentions impacts (NDC2_2022_India.pdf has zero mentions). The gap is also deeper than finance alone — WG2_Chapter17 (p.25) explicitly states L&D assessments in NDCs ""have remained scarce,"" and WG2_SPM_2022.pdf (p.13) confirms losses cannot be eliminated even at 1.5°C.",Reviewer 1,Not formally adjudicated
1,F001,FACTUAL,What is India's target for cumulative electric power installed capacity from non-fossil fuel-based energy resources by 2030?,"India's target: 50 percent cumulative electric power installed capacity from non-fossil fuel-based energy resources by 2030.
",Full,,Reviewer 1,Not formally adjudicated
2,F002,FACTUAL,"By how much does India commit to reducing the emissions intensity of its GDP by 2030, compared to 2005 levels?","India commits to reducing the emissions intensity of its GDP by 45 percent by 2030, compared to 2005 levels.",Full,,Reviewer 1,Not formally adjudicated
3,F003,FACTUAL,What is India's target for additional carbon sink creation through forest and tree cover by 2030?,India targets creating an additional carbon sink of 2.5 to 3 billion tonnes of CO₂ equivalent through additional forest and tree cover by 2030.,Full,,Reviewer 1,Not formally adjudicated
4,F004,FACTUAL,When does China commit to achieving peak CO2 emissions under its NDC2?,"China commits to having CO₂ emissions peak before 2030, and to achieving carbon neutrality before 2060.",Full,,Reviewer 1,Not formally adjudicated
5,F005,FACTUAL,What is China's 2030 target for installed capacity of wind and solar power?,"China targets bringing its total installed capacity of wind and solar power to over 1.2 billion kilowatts (i.e., 1,200 GW) by 2030.",Full,,Reviewer 1,Not formally adjudicated
6,F006,FACTUAL,What share of non-fossil fuels in primary energy consumption does China target by 2030?,"China commits to increasing the share of non-fossil fuels in its primary energy consumption to around 25 percent by 2030, raising its ambition from the earlier 2015 NDC1 target of around 20 percent",Full,,Reviewer 1,Not formally adjudicated
7,F007,FACTUAL,What is the United States' 2030 economy-wide greenhouse gas emissions reduction target under its NDC2?,The United States commits to an economy-wide target of reducing its net greenhouse gas emissions by 50 to 52 percent below 2005 levels by 2030. ,Full,,Reviewer 1,Not formally adjudicated
8,F008,FACTUAL,What is the United Kingdom's 2030 greenhouse gas reduction target and the baseline year used?,"The United Kingdom commits to reducing economy-wide greenhouse gas emissions by at least 68 percent by 2030, compared to 1990 levels, as communicated in its NDC in December 2020.",Partial,"The 68% target and 1990 baseline are both correct. However, the claim that this is ""the UK's first NDC submitted after leaving the European Union"" is not supported anywhere in the document — that framing/context does not appear in NDC2_2022_UK.pdf and should be dropped or independently verified outside this source.",Reviewer 1,Not formally adjudicated
11,F011,FACTUAL,What is Japan's 2030 greenhouse gas reduction target and what baseline year does it use?,"Japan commits to reducing its greenhouse gas emissions by 46 percent in fiscal year 2030 from its fiscal year 2013 levels equivalent to cutting emissions to 760 million t-CO2 from a 2013 base of 1,408 million t-CO2 while continuing efforts toward a further, more ambitious goal of a 50 percent reduction from the same fiscal year 2013 baseline. ",Full,,Reviewer 1,Not formally adjudicated
12,F012,FACTUAL,What is Australia's 2030 emissions reduction target and net zero commitment year?,Australia commits to reducing greenhouse gas emissions by 43 percent below 2005 levels by 2030 — half as much again as its previous target of 26–28 percent — and reaffirms a target to achieve net zero emissions by 2050. ,Full,,Reviewer 1,Not formally adjudicated
13,F013,FACTUAL,What is Brazil's 2030 absolute emissions reduction target and baseline year?,"Brazil commits to an absolute net greenhouse gas emission target in 2030 of 1.20 GtCO2e, consistent with a reduction of 53.1 percent compared to 2005 levels using 2005 as its reference year and further reiterates its long-term objective to achieve climate neutrality by 2050. ",Partial,"The baseline year (2005) and the 2050 climate neutrality commitment are correct. However, the reduction figure is wrong: the document states 53.1 percent, not 50 percent, for the 2030 target (corresponding to an absolute target of 1.20 GtCO2e). The ""2023 NDC adjustment"" framing is also not the title of the document used the file is NDC2_2022_Brazil.pdf.",Reviewer 1,Not formally adjudicated
14,F014,FACTUAL,What are Indonesia's unconditional and conditional GHG reduction targets by 2030?,"Indonesia commits to an unconditional reduction of 29 percent against the business-as-usual (BAU) scenario by 2030, with the possibility of increasing this to a conditional reduction of up to 41 percent, subject to the availability of international support for finance, technology transfer, and capacity building.",None,"The figures in the existing answer (31.89% unconditional, 43.20% conditional) do not appear anywhere in NDC2_2022_Indonesia.pdf. The document explicitly states the unconditional target as 29% and the conditional target as up to 41% against the BAU scenario by 2030. The mechanism described (conditional on international support) is correctly characterized, but both numeric values in the existing answer are incorrect.",Reviewer 1,Not formally adjudicated
15,F015,FACTUAL,What are Indonesia's primary climate adaptation priorities identified in its NDC2?,"Indonesia's NDC2 frames its adaptation goal around reducing risk, enhancing adaptive capacity, strengthening resilience, and reducing vulnerability across all development sectors, organized into three core resilience areas: economic resilience, social and livelihood resilience, and ecosystem and landscape resilience. Within its National Medium-Term Development Plan (RPJMN 2020–2024), this is operationalized with a sectoral focus on water, agriculture, health, and coastal and marine ecosystems. ",Partial,"Sectors listed (water, health, agriculture, coastal/marine) overlap with the document, but the existing answer misses the primary framework: Indonesia's NDC2 organizes adaptation around three resilience pillars (economic, social/livelihood, ecosystem/landscape), not sectors. ""Infrastructure resilience"" and ""climate resilient development pathways"" are not stated as named priorities on this page.",Reviewer 1,Not formally adjudicated
17,F017,FACTUAL,What is Canada's 2030 emissions reduction commitment range and its baseline?,"Canada commits to reducing greenhouse gas emissions by 40 to 45 percent below 2005 levels by 2030, and is additionally committed to reaching net-zero GHG emissions by 2050 — a commitment codified into law through the Canadian Net-Zero Emissions Accountability Act, which received Royal Assent on June 29, 2021. ",Full,,Reviewer 1,Not formally adjudicated
19,F019,FACTUAL,What is South Africa's NDC2 emissions range target for the period 2025-2030?,"South Africa's NDC2 sets two distinct single-year emissions targets rather than one continuous range: annual GHG emissions of 398–510 Mt CO2-eq for 2025 (covering implementation period 2021–2025), and 350–420 Mt CO2-eq for 2030 (covering implementation period 2026–2030), framed within a peak-plateau-decline trajectory carried forward from South Africa's first NDC. ",Partial,"The 350–420 MtCO2e figure and the peak-plateau-decline framing are both correct, but only for the 2030 target specifically. The existing answer mischaracterizes this single-year 2030 figure as covering the entire ""2025 to 2030"" period — the document actually specifies a separate, higher range (398–510 Mt CO2-eq) for 2025, with 350–420 Mt CO2-eq applying only to 2030.",Reviewer 1,Not formally adjudicated
20,F020,FACTUAL,What is Saudi Arabia's NDC2 absolute emissions reduction target by 2030?,"Saudi Arabia commits to reducing, avoiding, and removing greenhouse gas emissions by 278 million tons of CO2 equivalent annually by 2030 using 2019 as the base year representing more than a two-fold increase from its previous ambition of 130 million tons of CO2 equivalent under its earlier INDC, achieved through measures including its Circular Carbon Economy approach. ",Full,,Reviewer 1,Not formally adjudicated
21,F021,FACTUAL,What is Argentina's 2030 absolute emissions cap under its NDC2?,"Argentina commits to an absolute and unconditional goal, applicable to all sectors of the economy, to not exceed net emissions of 349 million tons of CO2 equivalent (MtCO2e) by 2030.",Full,,Reviewer 1,Not formally adjudicated
22,F022,FACTUAL,What is Turkey's 2030 GHG reduction target relative to BAU?,"Turkey commits to reducing economy-wide greenhouse gas emissions by 41 percent by 2030  equivalent to 695 Mt CO2 eq compared to the business-as-usual (BAU) scenario set out in its first NDC, with 2012 as the reference year. ",Partial,"The 41% figure and BAU comparison are correct, but the document states a fixed 41% target, not ""up to 41%"" there is no conditional or ceiling framing in the text. The existing answer also omits the base year (2012) and the absolute equivalent figure (695 Mt CO2 eq), both of which are explicitly stated in the document.",Reviewer 1,Not formally adjudicated
23,F023,FACTUAL,What is Russia's 2030 GHG reduction target and the baseline used in its NDC2?,"Russia's current (second) NDC commits to reducing greenhouse gas emissions by up to 65–67 percent compared to 1990 levels but by 2035, not 2030 taking into account the maximum possible absorptive capacity of forests and other natural ecosystems, and subject to sustainable socio-economic development conditions. ",None,"The existing answer's figures belong to Russia's first NDC (2020), not its second NDC. The document explicitly states the second NDC supersedes the first with a different, later target: 65–67% of 1990 levels by 2035 (not 70% by 2030). The forest absorption caveat is correctly characterized, but both the percentage and the target year in the existing answer are incorrect for NDC2.",Reviewer 1,Not formally adjudicated
25,F025,FACTUAL,"According to IPCC AR6 WG3, what renewable electricity share is required by 2050 for 1.5 degree pathways?","The documents do not contain the figure ""70–85 percent renewable electricity by 2050."" What WG3_Chapter06_EnergySystems_2022.pdf (Executive Summary) actually states is that low-carbon sources (not specifically ""renewables"" this includes nuclear and CCS-fossil) produce 93–97% of global electricity by 2050 in 2°C (>67%) pathways, and that electricity supplies 48–58% of final energy by 2050 in 1.5°C (>50%) no-or-limited-overshoot pathways, up from 20% in 2019.",None,"The ""70 to 85 percent"" figure does not appear anywhere in WG3_Chapter06_EnergySystems_2022.pdf, the WG3 SPM, or the WG3 Technical Summary. The chapter's actual headline figures are 93–97% low-carbon electricity share by 2050 (2°C pathway, not specifically ""renewable"") and 48–58% electricity-as-share-of-final-energy by 2050 (1.5°C pathway) — both materially different from the claimed figure and the claimed metric.",Reviewer 1,Not formally adjudicated
26,F026,FACTUAL,What does IPCC AR6 WG3 state about the required trajectory for methane emissions to limit warming to 1.5 degrees?,"In pathways limiting warming to 1.5°C (>50%) with no or limited overshoot, IPCC AR6 WG3 states that global methane (CH4) emissions are reduced by 34% [21–57%] by 2030, by 44% [31–63%] by 2040, and by 45% [25–70%] by 2050, relative to 2019 levels with deep methane reductions specifically identified as lowering peak warming and reducing the likelihood of overshooting warming limits.",Full,,Reviewer 1,Not formally adjudicated
27,F027,FACTUAL,"According to IPCC AR6 WG3, what share of global electricity supply did renewables reach by 2019 and what was the cost trend?","The documents do not state ""29 percent"" for renewables' 2019 electricity share; WG3_Chapter06_EnergySystems_2022.pdf instead reports solar PV and wind together at 8%, hydroelectric at 16% (combined ~24% renewables), with total low- and zero-carbon electricity (including nuclear) at 37% of global generation in 2019. The cost figures are correct: WG3_SPM_2022.pdf (Page 15) confirms solar energy costs fell 85% and wind energy costs fell 55% between 2010 and 2019.",Partial,"The cost trend figures (85% solar, 55% wind, 2010–2019) are verified exactly. The ""29 percent"" renewable electricity share for 2019 does not appear in either document and should be corrected to the figures actually stated (8% solar+wind, 16% hydro, 37% total low-carbon).",Reviewer 1,Not formally adjudicated
30,F030,FACTUAL,What international climate finance condition does India attach to its NDC2 commitments?,"India explicitly conditions only its non-fossil electricity capacity target (50% by 2030) on receiving ""transfer of technology and low-cost international finance including from Green Climate Fund (GCF)."" The 45% emissions intensity reduction target carries no such conditional language in the document  it is stated unconditionally. ",Partial,"The conditionality on the 50% non-fossil capacity target (technology transfer, GCF finance) is correctly stated. However, the claim that the 45% emissions intensity target is ""described as conditional on international support"" is not supported — the document attaches no such condition to that target; it is presented as an unconditional commitment.",Reviewer 1,Not formally adjudicated
32,C002,COMPARATIVE,"Compare the net zero target years and legislative bases of the UK, EU, Canada, and Japan.","The UK's Climate Change Act 2008 was amended on 27 June 2019 to set a legally-binding net zero by 2050 target; the EU commits to climate neutrality by 2050 under its agreed objective, governed by Regulation (EU) 2018/1999 and the European Climate Law; Canada's net zero by 2050 commitment is codified in the Canadian Net-Zero Emissions Accountability Act, which received Royal Assent on 29 June 2021; and Japan's net-zero by 2050 goal was made a Basic Principle of law through the Act Partially Amending the Act on Promotion of Global Warming Countermeasures (Act No. 54 of 2021)  not merely announced.",Partial,"The UK, EU, and Canada entries are verified exactly. The Japan entry is incorrect: net-zero by 2050 is not just ""announced... and reflected in NDC2"" — it is legislatively codified as a Basic Principle under Act No. 54 of 2021, the same legislative-basis category as the other three countries.",Reviewer 1,Not formally adjudicated
33,C003,COMPARATIVE,Compare India's and China's renewable energy commitments in their NDC2 submissions. Which country has a more specific and measurable target?,"India commits to 50% cumulative installed electric power capacity from non-fossil sources by 2030 (NDC2_2022_India.pdf, p.3); China commits to over 1.2 billion kW (1,200 GW) of wind and solar capacity plus 25% non-fossil fuels in primary energy consumption by 2030 (NDC2_2021_China.pdf, p.8). China's absolute GW figure is more directly quantifiable as a single number, but neither document provides a baseline capacity figure for comparison, so the claim that only India's target ""lacks a clear baseline"" is not supported by either text.",Partial,"The two targets are stated correctly. The comparative conclusion (China's target being more specific/measurable) is a reasonable reading, but the supporting claim that India's target ""lacks a clear baseline"" while implying China's has one is incorrect — neither NDC2_2022_India.pdf nor NDC2_2021_China.pdf states a current baseline capacity figure for the respective targets.",Reviewer 1,Not formally adjudicated
34,C004,COMPARATIVE,"Why is it difficult to directly compare Japan's 2030 target with the USA's 2030 target, and how should researchers adjust for this?","The documents confirm only the baseline mismatch itself: Japan's target (46% reduction by fiscal year 2030) is set against a fiscal year 2013 baseline, while the USA's target (50–52% reduction by 2030) is set against a 2005 baseline different reference years with different national emission levels, making a direct percentage comparison without adjustment unreliable. Neither NDC2_2021_Japan.pdf nor NDC2_2021_USA.pdf contains any stated conversion factor, ""2005-equivalent"" recalculation, or recommended common-reference-year methodology.",Partial,"The core observation  different baseline years (2013 vs. 2005) make direct comparison misleading is correct and verifiable. However, the specific claim that ""46% below 2013 translates to approximately 50% below 2005"" and the recommendation to use ""2019 or absolute MtCO2e"" as a common reference do not appear in either document these are external analytical additions, not findings from the source texts, and should not be presented as document-grounded.",Reviewer 1,Not formally adjudicated
35,C005,COMPARATIVE,"Compare the use of conditional targets in Indonesia's, Mexico's, and India's NDC2 submissions.","Mexico (35% unconditional / 40% conditional) is correct. Indonesia's actual figures are 29% unconditional / up to 41% conditional — not 31.89%/43.20% — so the real gap is 12 points, not 11.3. India conditions only its 50% non-fossil capacity target, not ""all major targets.""",Partial,Mexico correct; Indonesia's figures and resulting gap calculation are wrong; India's conditionality is overstated.,Reviewer 1,Not formally adjudicated
36,C006,COMPARATIVE,Compare the 2030 ambition level of Australia's NDC2 against the UK's NDC2 using the same baseline year.,"Australia targets 43% below 2005 by 2030 (NDC2_2022_Australia.pdf, p.3); UK targets at least 68% below 1990 by 2030 (NDC2_2022_UK.pdf, p.5). Neither document contains a 2005-rebaselining calculation or any Climate Action Tracker reference direct comparison requires external calculation not found in either NDC.",Partial,"The two headline figures and both 2050 net zero commitments are correct, but the ""50-53% rebaselined"" figure and CAT rating appear in neither document; they are external additions, not document-grounded findings.",Reviewer 1,Not formally adjudicated
37,C007,COMPARATIVE,How do Brazil's and Indonesia's NDC2 submissions differ in their approach to forest-related climate commitments?,"Brazil commits to zero deforestation by 2030 under the PPCDAm Action Plan not ""illegal deforestation,"" and no ""12 million hectares"" figure appears anywhere in the document (NDC2_2022_Brazil.pdf, p.9). Indonesia treats forestry through an explicit FOLU (Forestry and Other Land Use) sector with quantified peatland restoration targets and rewetting/revegetation assumptions (NDC2_2022_Indonesia.pdf, p.36), reflecting a more sector-granular approach than Brazil's single deforestation target.",Partial,"Indonesia's FOLU/peatland-sector framing is accurate, but Brazil's commitment is ""zero deforestation,"" not ""illegal deforestation,"" and ""12 million hectares"" is not stated in NDC2_2022_Brazil.pdf.",Reviewer 1,Not formally adjudicated
38,C008,COMPARATIVE,Which G20 countries in the corpus explicitly mention carbon pricing mechanisms in their NDC2 submissions?,"South Korea, the EU, Canada, and China all explicitly mention carbon pricing mechanisms: South Korea details its K-ETS covering 73.5% of national emissions (NDC2_2021_South_Korea.pdf, p.6); the EU references its EU ETS, operational since 2005 (NDC2_2020_EU.pdf, p.3); Canada describes its federal-provincial carbon pricing system including cap-and-trade and carbon tax variants (NDC2_2021_Canada.pdf, p.5); and China describes building its national ETS ""by stages"" from prior pilot programs, though no specific 2021 launch date appears in the text (NDC2_2021_China.pdf, p.14). Japan's NDC2 contains zero mentions of carbon pricing, carbon tax, or emissions trading.",Partial,"All five countries' inclusion/exclusion is correct, but China's ""launched in 2021"" detail is not stated in the document (it describes phased construction, not a specific launch year), and Japan's ""Green Innovation Fund"" claim does not appear anywhere in NDC2_2021_Japan.pdf.",Reviewer 1,Not formally adjudicated
41,C011,COMPARATIVE,Compare the greenhouse gas scope coverage between Saudi Arabia's NDC2 and South Africa's NDC2.,"South Africa's NDC2 explicitly defines its gas scope as five greenhouse gases — CO2, CH4, N2O, HFCs, and PFCs — and explicitly states it excludes SF6 and NF3 due to lack of data, not all six Kyoto gases as claimed (NDC2_2021_South_Africa.pdf). Saudi Arabia's NDC2 does not contain an explicit gas-by-gas scope statement; it instead emphasizes Circular Carbon Economy measures including CCUS (Section 4.3) and a dedicated methane management section with a 30% methane reduction commitment under the Global Methane Pledge (Section 4.5) (NDC2_2021_Saudi_Arabia.pdf).",Partial,"South Africa's gas count is wrong: it covers five gases, not all six Kyoto Protocol gases, and explicitly excludes SF6 and NF3. The peak-plateau-decline framing for South Africa and the circular carbon economy/CCUS emphasis for Saudi Arabia are both correct, but Saudi Arabia's ""CO2, CH4, N2O"" gas-scope claim is not explicitly stated in the document in that form.",Reviewer 1,Not formally adjudicated
43,C013,COMPARATIVE,Which countries in the G20 corpus include explicit electric vehicle targets in their NDC2 submissions?,"Among G20 NDC2s, the UK (p.17) commits to ending new petrol/diesel car sales by 2030; Australia (p.3), Canada (pp.25-36), China (pp.24-34), Russia (pp.13-15,33) mention EV deployment/infrastructure; South Korea (p.3) references ""zero-emission vehicles"" with no numeric target; EU has no explicit EV target (only general Green Deal mentions, pp.71,238). Source: respective NDC2 PDFs (UK, Australia, Canada, China, Russia, South_Korea, EU).",Partial,"Qualitative direction matches, but the specific figures cited (South Korea's 3.62M EVs/290K hydrogen vehicles, EU's 30M zero-emission vehicles) do not appear in the actual document text they're unverifiable/likely sourced from outside the corpus.",Reviewer 1,Not formally adjudicated
45,C015,COMPARATIVE,Which G20 NDC2 submissions in the corpus explicitly address just transition principles for workers in fossil fuel industries?,"South Africa's NDC2 (pp.3,5-6,13,15,28-31) is the most explicit, detailing a Presidential Climate Commission overseeing the country's just transition. Argentina (pp.7,22,25,26,43,100), Canada (pp.9,39), Indonesia (pp.14,29), Turkey (pp.4,27,28,35), South Korea (pp.5,14), UK (pp.6,19,23,48), Russia (p.23), and EU (p.2, via Just Transition Fund) also reference just transition, though mostly in general terms without specific worker-number commitments. Source: NDC2 PDFs for South_Africa, Argentina, Canada, Indonesia, Turkey, South_Korea, UK, Russia, and EU.",Partial,"South Africa being the most explicit is correct, but the specific ""120,000 direct workers"" figure, the UK's ""Just Transition Commission for Scotland,"" and Canada's ""oil and gas workers"" reference do not appear in the actual document text these are not verifiable from the corpus. Also, more countries (Argentina, Indonesia, Turkey, Russia, South Korea, EU) mention just transition than the existing answer's ""most other submissions"" framing suggests.",Reviewer 1,Not formally adjudicated
46,C016,COMPARATIVE,Which has a more ambitious 2030 target relative to the IPCC 1.5°C benchmark — India or Australia?,"ustralia's NDC2 (pp.1-6, target table p.3) sets a more ambitious, unconditional 2030 target 43% absolute GHG reduction below 2005 levels versus India's NDC2 (p.1) target of 45% emissions-intensity reduction (not absolute) and 50% non-fossil power capacity by 2030. Per IPCC WG3 SPM (p. with C.1.1, ~p.17), a 1.5°C-aligned pathway requires a 43% global reduction from 2019 levels by 2030; neither target is directly comparable to this global benchmark since both are intensity/sector-based or base-year-2005 framed, not 2019-baseline absolute cuts. Source: NDC2_2022_Australia.pdf, NDC2_2022_India.pdf, WG3_SPM_2022.pdf.",Partial,"The core comparison (Australia's 43% absolute cut vs India's intensity/non-fossil targets) and IPCC's 43%-by-2030 benchmark are confirmed in the documents, but the existing answer's claims about India's target being ""conditional"" and references to ""per-capita emissions""/CBDR are not found anywhere in India's NDC2 text  these are external additions not supported by the corpus.",Reviewer 1,Not formally adjudicated
48,C018,COMPARATIVE,Compare how Russia and Brazil account for LULUCF in their NDC2 submissions.,"Russia's NDC2 (pp.3,5-6,16-20,23,25,29-31,34,36-37) conditions its target (reduction to 70% of 1990 emission levels by 2030/2035, i.e. ~30% cut) on taking into account ""the maximum possible absorptive capacity of forests and other ecosystems,"" explicitly building large LULUCF sink credits into the target. Brazil's NDC2 (pp.4,6-7,9) instead commits to zero (illegal) deforestation by 2030 under the PPCDAm action plan and references restoration of degraded lands, framing forests as an active mitigation/protection measure rather than a target-conditioning offset. Source: NDC2_2022_Russia.pdf, NDC2_2022_Brazil.pdf.",Partial,"The core distinction (Russia conditioning its target on forest absorptive capacity vs. Brazil's deforestation/restoration commitments) is confirmed in the documents, but the existing answer says ""30% reduction target,"" while the document actually states the target as ""reduction to 70% of 1990 levels"" (mathematically equivalent but not phrased that way), and Brazil's NDC2 text says ""zero deforestation,"" not ""halting illegal deforestation"" as worded in the existing answer.",Reviewer 1,Not formally adjudicated
49,C019,COMPARATIVE,Compare the overall ambition of G20 collective NDC2 targets against the IPCC-recommended 2030 pathway. Is the collective on track?,"IPCC WG3 SPM (C.1.1) requires a 43% global GHG reduction by 2030 from 2019 levels for a 1.5°C pathway. The IPCC Synthesis Report 2023 (SPM A.4.3) states a substantial ""emissions gap"" exists, with NDCs announced before COP26 keeping 2030 emissions ""similar to or only slightly below 2019 levels,"" and that NDC-consistent pathways would lead to median global warming of 2.8°C [2.1-3.4°C] by 2100 making 1.5°C unlikely. This confirms the G20/global NDC collective falls well short of the 1.5°C pathway. Source: WG3_SPM_2022.pdf, SYR_FullVolume_2023.pdf.",Partial,"The 43% reduction benchmark and ""substantially falls short"" conclusion are confirmed, but the specific figures are wrong  the document does not state a ""10-16% increase"" (it instead says NDC emissions stay near/slightly below 2019 levels), and the projected warming is 2.8°C, not 2.5°C, as stated in the existing answer.",Reviewer 1,Not formally adjudicated
50,C020,COMPARATIVE,Which developing G20 countries in the corpus make the strongest explicit calls for adaptation finance from developed nations?,"South Africa's NDC2 (p.13) makes the strongest explicit adaptation-finance call, specifying access to adaptation finance and a target of ""advancing adaptation finance by the private sector"" with funding goals around 4% of GDP. India's NDC2 (p.3) calls to ""mobilize domestic and new & additional funds from developed countries"" but does not mention a specific USD 100 billion figure. Indonesia's NDC2 (p.13) references securing financial support for adaptation planning. Brazil's NDC2 contains no comparable explicit adaptation-finance appeal. Source: NDC2_2021_South_Africa.pdf, NDC2_2022_India.pdf, NDC2_2022_Indonesia.pdf, NDC2_2022_Brazil.pdf.",Partial,"The general ranking and Brazil's contrast are roughly supported, but the existing answer's claim that India invokes the ""USD 100 billion per year commitment"" does not appear in India's NDC2 text, and South Africa not India has the most explicit/specific adaptation finance language in the corpus.",Reviewer 1,Not formally adjudicated
51,C021,COMPARATIVE,Compare the sector coverage of Canada's and Mexico's NDC2 submissions.,"Canada's NDC2 (pp.3-42, e.g. pp.25-31,33,35-42) covers energy, oil & gas, transportation, buildings, heavy industry, agriculture, forestry, and waste with detailed sector-specific measures and quantification. Mexico's NDC2 (Spanish-language; pp.10-15) covers similar sectors land use/LULUCF (p.10), transport (p.11), electricity generation (p.12, which explicitly mentions ""generación distribuida renovable""/distributed renewable generation), industry (p.13), oil & gas (p.14), agriculture & livestock (p.14), residential/commercial buildings (p.14), and waste (p.15) with comparatively more qualitative, narrative descriptions per sector versus Canada's more quantified targets. Source: NDC2_2021_Canada.pdf, NDC2_2022_Mexico.pdf.",Partial,"All major claims are verified in the documents both countries cover comparable sectors (energy, transport, industry, agriculture, forestry/land use, waste, buildings), Mexico's electricity section explicitly emphasizes distributed renewable generation, and Canada's NDC2 contains more detailed/quantified sector measures while Mexico's are more qualitative.",Reviewer 1,Not formally adjudicated
52,C022,COMPARATIVE,How do China's and South Korea's NDC2 submissions differ in their approach to hydrogen as a clean energy technology?,"China's NDC2 (pp.42,54) explicitly mentions hydrogen committing to build hydrogen filling stations for transport and listing ""hydrogen energy"" as a priority technology for low-carbon industrial breakthroughs. South Korea's NDC2 (p.3) only briefly references hydrogen once, in general terms, with no numeric vehicle/station targets in the text. Source: NDC2_2021_China.pdf, NDC2_2021_South_Korea.pdf.",Partial,"The existing answer is factually inverted China's NDC2 does explicitly mention hydrogen (filling stations, hydrogen energy R&D), while South Korea's NDC2 contains only one passing hydrogen reference with no ""290,000 vehicles/450 stations"" target found anywhere in the document; these specific figures do not appear in the corpus.",Reviewer 1,Not formally adjudicated
53,C023,COMPARATIVE,"Why do Russia's and Turkey's NDC2 targets appear modest compared to other G20 nations, and what contextual factors explain this?","Russia's NDC2 (pp.3-5,~37) targets a 65-70% reduction relative to a 1990 baseline — a high baseline since Soviet-era emissions were far above post-1991 levels, making the target appear modest in real terms. Turkey's NDC2 (pp.1-2) confirms it ratified the Paris Agreement only in 2021 and this submission is explicitly Turkey's ""updated first NDC"" (using 2012 as base year, BAU-based), reflecting its limited prior commitment depth and developing-country framing. Source: NDC2_2022_Russia.pdf, NDC2_2023_Turkey.pdf.",Partial,"The 1990-baseline explanation for Russia and Turkey's late-2021 ratification/first-NDC status are both confirmed in the documents, but the claim that ""Russia uses LULUCF accounting to soften effective reductions"" — while plausible based on prior questions about forest absorptive capacity — and the ""large fossil fuel industries"" framing are not explicitly stated as causal explanations within these NDC2 texts; they are reasonable inference, not document-sourced fact.",Reviewer 1,Not formally adjudicated
55,C025,COMPARATIVE,Which G20 NDC2 submissions explicitly address gender equity and social inclusion in climate action?,"Argentina's NDC2 (extensive, pp.7-106) is by far the most comprehensive on gender-climate integration. Most other G20 NDC2s also reference gender, including UK (pp.6,11,21-23,33,48), Canada (pp.10,14,17,21-23), Indonesia (pp.12-41), Turkey (pp.34-36), South Africa (pp.20,30), EU (pp.2,10,12), Australia, Japan, USA, South Korea, and Russia. Source: NDC2_2021_Argentina.pdf and the respective country NDC2 PDFs.",Partial,"Argentina's strong lead is correct, but the claim it's the ""only G20 country"" with gender-climate integration is false gender is referenced in 12 of 13 NDC2s checked, and the cited ""National Action Plan on Gender and Climate Change"" title isn't found verbatim in the document.",Reviewer 1,Not formally adjudicated
57,G002,GAP DETECTION,Identify the gap between India's NDC2 long-term targets and IPCC AR6 net zero recommendations for developing nations.,"India's NDC2 (p.4) explicitly states the update is ""a step forward towards our long term goal of reaching net-zero by 2070"" the 2070 target IS in the NDC2 text itself, not merely an external announcement. IPCC WG3 SPM (Table 3.1, ~p.21) indicates 1.5°C pathways require global net-zero CO2 around 2050, leaving roughly a 20-year gap between India's 2070 commitment and the IPCC's global benchmark, though IPCC text doesn't specify a separate developing-nation timeline. Source: NDC2_2022_India.pdf, WG3_SPM_2022.pdf.",Partial,"The existing answer's central claim — that ""India has no net zero target year specified in its NDC2"" and that 2070 was announced ""outside the formal NDC process"" is factually wrong; the document explicitly states the 2070 net-zero goal on page 4 of the NDC2 itself.",Reviewer 1,Not formally adjudicated
58,G003,GAP DETECTION,Assess the gap between G20 NDC2 methane commitments and IPCC AR6 methane reduction recommendations.,"IPCC WG3 SPM (~p.20, para C.1.1) confirms a 34% [21-57%] global methane reduction is needed by 2030 (vs 2019/2020) for 1.5°C pathways. In the NDC2 corpus, the Global Methane Pledge's 30%-by-2030 target is explicitly referenced by Saudi Arabia (NDC2_2021_Saudi_Arabia.pdf, p.7), South Korea (NDC2_2021_South_Korea.pdf, pp.7,16), and UK (NDC2_2022_UK.pdf, p.16) as members all falling short of IPCC's 34% benchmark; no NDC2 in the corpus commits to a standalone 34% methane target. Source: WG3_SPM_2022.pdf, NDC2_2021_Saudi_Arabia.pdf, NDC2_2021_South_Korea.pdf, NDC2_2022_UK.pdf.",Partial,"The IPCC 34% figure and ""no NDC2 meets it"" conclusion are confirmed, but the existing answer is factually wrong claiming Saudi Arabia hasn't signed the Global Methane Pledge its own NDC2 explicitly states Saudi Arabia is a member; South Korea's membership is also undocumented in the existing answer's signer list.",Reviewer 1,Not formally adjudicated
59,G004,GAP DETECTION,What is the gap between developing G20 nations' identified adaptation needs and the international finance commitments in their NDC2 submissions?,"G20 developing nations' NDC2s mostly state adaptation needs without quantifying required international finance — India and Indonesia ask for funds to close the ""resource gap"" with no amount specified, while South Africa is the exception, naming a floor of USD 8 billion/year by 2030 (split evenly with mitigation). No document in this corpus supports a ""USD 127 billion"" adaptation finance-needs figure; IPCC WG2 only refers to ""127 key risks,"" an unrelated number.
Source: NDC2_2022_India.pdf (p.3); NDC2_2022_Indonesia.pdf (p.27); NDC2_2021_South_Africa.pdf (pp.29–30); WG2_TechnicalSummary_2022.pdf (p.21)",Partial,"correct that most NDC2s leave finance unquantified, but wrong that South Africa lacks a figure (it states USD 8bn/yr), and the ""USD 127 billion"" IPCC citation isn't in the source documents (only ""127 key risks"" appears, a different fact entirely).",Reviewer 1,Not formally adjudicated
60,G005,GAP DETECTION,"Which G20 NDC2 submissions in the corpus include coal phase-out commitments, and how does this compare to IPCC guidance?","UK (phase out unabated coal by 2024), Canada (coal phase-out by 2030), and South Korea (coal phase-down + ban on new coal plants) have explicit coal commitments in their NDC2s. China has only partial pledges (no new overseas coal, phase out outdated capacity domestically). India, Indonesia, South Africa, Australia, Japan, and the EU include no coal phase-out commitment. IPCC WG3 calls for coal use without CCS to fall 67–82% by 2030 in 1.5°C pathways only UK, Canada, and South Korea align directionally; most G20 coal users fall short.
Source: NDC2_2022_UK.pdf (p.17); NDC2_2021_Canada.pdf (p.26); NDC2_2021_South_Korea.pdf (pp.2,24); NDC2_2021_China.pdf (pp.5,17,51); NDC2_2020_EU.pdf (no coal mention); WG3_TechnicalSummary_2022.pdf (p.43)",Partial,"UK/Canada and the ""no commitment"" countries are correctly identified, but the IPCC figure is wrong (67–82%, not 59–78%), the EU has no coal mention at all (no Green Deal reference exists in its NDC2), South Korea's commitment was omitted, and China is mischaracterized as having no commitment when it has narrower pledges.",Reviewer 1,Not formally adjudicated
61,G006,GAP DETECTION,Identify three G20 NDC2 commitments that are vague and lack measurability compared to IPCC quantified recommendations.,"Examples of vague/unmeasurable G20 NDC2 commitments: (1) Russia sets a 65–67% reduction target by 2035 ""taking into account the maximum possible absorptive capacity of forests,"" an undefined qualifier with no quantified forest-sink value. (2) Saudi Arabia's ""circular carbon economy"" approach references carbon capture, utilisation and storage without specific deployment targets or timelines. (3) Argentina's headline target is actually unconditional and quantified net emissions not to exceed 349 MtCO2e by 2030 so it does not qualify as a vague example; the ""369 MtCO2e conditional"" claim is not supported by the document text.
Source: NDC2_2022_Russia.pdf (pp.3,29); NDC2_2021_Saudi_Arabia.pdf (pp.6,10-11); NDC2_2021_Argentina.pdf (p.6)",Partial,"Russia and Saudi Arabia examples are accurate. Argentina is wrong — the actual target is an unconditional 349 MtCO2e cap by 2030 (not 369, not conditional), so it isn't a valid example of vagueness; a third example would need to be sourced elsewhere in the corpus.",Reviewer 1,Not formally adjudicated
62,G007,GAP DETECTION,What is the gap between G20 NDC2 transport sector commitments and IPCC AR6 WG3 transport decarbonisation recommendations?,"The IPCC WG3 SPM states global transport CO2 emissions must fall by 59% (42–68% interquartile range) by 2050 relative to 2020 in 1.5°C pathways not ""59–84%,"" and there is no standalone ""Chapter 10"" document in this corpus (only SPM/TS references to it). Among G20 NDC2s, the UK is the clearest transport commitment, ending sales of new petrol and diesel vehicles by 2030. South Korea mentions it has ""markedly raised"" its 2030 zero-emission vehicle deployment target but does not state a specific number or percentage in its NDC2 text so it is not actually a quantified target. Most other G20 NDC2s (India, Indonesia, China, Brazil, etc.) treat transport within economy-wide targets with no sector-specific transport emissions percentage.
Source: WG3_SPM_2022.pdf (p.36); NDC2_2022_UK.pdf (p.17); NDC2_2021_South_Korea.pdf (p.3)",Partial,"UK's commitment and the broad ""most G20 lack quantified transport targets"" conclusion are correct, but the IPCC figure is wrong (59%, 42–68% range not 59–84%), the cited ""WG3 Chapter 10"" document doesn't exist standalone in the corpus, and South Korea's ""specific EV target"" claim is unsupported its NDC2 gives no actual number.",Reviewer 1,Not formally adjudicated
63,G008,GAP DETECTION,Which sectors required by IPCC AR6 for deep decarbonisation are absent or underrepresented in Saudi Arabia's NDC2?,"Saudi Arabia's NDC2 actually does reference aviation, shipping, petrochemicals, and steel as future blue-hydrogen/CCUS target sectors, plans industrial decarbonisation via CCUS hubs in Jubail and Yanbu, and includes land-based actions (Saudi Green Initiative tree planting, mangrove/blue-carbon protection, desertification management) contrary to the existing claims. The real gap is the absence of any outward adaptation finance commitment to other vulnerable nations; Saudi only states its own NDC implementation is ""not contingent on receiving international financial support.""
Source: NDC2_2021_Saudi_Arabia.pdf (pp.4-8, 11)",None,"3 of 4 claimed gaps are factually wrong (aviation/shipping, industrial process, and land/forestry are all mentioned in the document); only the ""no adaptation finance for vulnerable nations"" point holds.",Reviewer 1,Not formally adjudicated
66,G011,GAP DETECTION,Does Australia's 43% reduction by 2030 align with IPCC's recommended pathway for advanced economies?,"Australia's NDC2 target is confirmed as 43% reduction below 2005 levels by 2030 (not 2019), while IPCC WG3 SPM states global GHG emissions must fall 43% [34–60%] below 2019 levels by 2030 for 1.5°C pathways so the headline ""43%"" figures use different baseline years and aren't directly comparable. However, the corpus contains no IPCC-sourced ""50–70% for developed economies"" benchmark, and no Australia 2019 emissions figure to support the claimed ""~38-40% below 2019"" recalculation both are external/unverifiable within these documents.
Source: NDC2_2022_Australia.pdf (pp.3,7); WG3_SPM_2022.pdf (p.21)",Partial,"The core insight (43% Australia is measured against 2005, not the IPCC's 2019 baseline) is correctly identified and document-supported, but the ""50-70% for developed economies"" IPCC benchmark and the ""38-40% below 2019"" recalculated figure are not found anywhere in the provided documents they appear to be external estimates, not document-sourced.",Reviewer 1,Not formally adjudicated
68,G013,GAP DETECTION,What implementation gaps exist between Mexico's NDC2 stated targets and its domestic policy framework?,"Mexico's NDC2 sets a 35% reduction target by 2030, but it is not unconditional it's funded by at least 30% domestic resources plus 5% international finance, with a separate conditional tier up to 40%. The NDC2 does cite domestic legislation, anchoring policies to Mexico's General Climate Change Law (2013). PEMEX and CFE appear only as implementing entities for mitigation actions, not as obstacles reversing renewables that narrative isn't in the document.
Source: NDC2_2022_Mexico.pdf (pp.9, 12, 14)",None,"the ""unconditional 35%"" framing is wrong (it's part domestic, part internationally-funded, with a separate conditional 40% target), the claim of ""no domestic legislation referenced"" is directly contradicted by the General Climate Change Law citation, and the PEMEX/CFE-reversal/declining-renewables claim has no support in this document.",Reviewer 1,Not formally adjudicated
69,G014,GAP DETECTION,Which sectors required for deep decarbonisation by IPCC AR6 are missing from Russia's NDC2?,"All four sectors claimed ""missing"" actually appear in Russia's NDC2, just without quantified targets: renewable energy (solar, wind, hydropower) development is referenced (pp.9,11-12,20), ""electrification of transport"" is a stated LT-LEDS measure (p.9), industrial decarbonisation actions are described (coal sector, CCUS, hydrogen), and methane-reduction actions exist (oil/gas flaring and leak reduction, plus joining the 2024 ""Declaration on Reducing Methane Emissions from Organic Waste,"" p.23). The real gap is lack of quantified numeric targets for these sectors not their absence.
Source: NDC2_2022_Russia.pdf (pp.9, 11-12, 20, 23)",None,"All four claimed absences are factually wrong renewable energy, transport electrification, industrial decarbonisation, and methane-reduction actions are all explicitly mentioned in Russia's NDC2. The true gap is lack of quantified targets for these sectors, not their complete absence as the existing answer states.",Reviewer 1,Not formally adjudicated
70,G015,GAP DETECTION,"Does South Korea's 2030 target of 40% below 2018 BAU align with IPCC requirements for developed economies, and what specific gaps exist?","South Korea's target is 40% reduction from actual 2018 emissions (727.6 MtCO2eq) the NDC2 explicitly states it replaced its earlier BAU-based target with this absolute target, so the ""BAU conversion to ~24%"" claim is invalid. Real, supported gaps: aged coal plants are to shut down or shift to LNG with no LNG phase-out date; coal was ~40% of the power mix with a ban on new coal plants but no explicit phase-out year; and nuclear power is not mentioned anywhere in the document, so the ""nuclear masking renewables"" claim is unsupported.
Source: NDC2_2021_South_Korea.pdf (pp.1-2, 8-9, 24)",Partial,"coal/LNG gaps are accurate, but the core baseline claim is wrong (target is 40% below actual 2018 emissions, not BAU), invalidating the recalculated ""~24%"" figure, and the nuclear-power claim has no textual support.",Reviewer 1,Not formally adjudicated
71,G016,GAP DETECTION,Assess the gap between G20 NDC2 carbon capture and storage (CCS) commitments and IPCC AR6 recommendations for CCS deployment.,"IPCC WG3 gives an annual CDR figure for BECCS specifically of 0.52–9.45 GtCO2/yr by 2050 (not a generic ""1.5–9.5 GtCO2 CCS"" range). Saudi Arabia references CCUS (circular carbon economy, planned hubs) without capacity targets, and the USA mentions carbon capture in its clean energy strategy both accurate. However, Japan's NDC2 has no mention of CCS, carbon capture, or sequestration at all. No G20 NDC2 specifies a quantified CCS deployment target.
Source: WG3_TechnicalSummary_2022.pdf (p.68); NDC2_2021_Saudi_Arabia.pdf (pp.6,11); NDC2_2021_USA.pdf (p.4); NDC2_2021_Japan.pdf (no CCS mention)",Partial,"Saudi Arabia/USA mentions and the ""no quantified CCS targets"" conclusion are correct, but the IPCC figure is imprecise (it's BECCS-specific, not generic CCS), and the claim that Japan mentions CCS is false — it appears nowhere in Japan's NDC2.",Reviewer 1,Not formally adjudicated
73,G018,GAP DETECTION,"What is the collective conditional versus unconditional gap across G20 NDC2 developing nations, and what does this mean for global ambition?","Indonesia's actual split is 29% unconditional vs 41% conditional of BAU not ""31.89% vs 43.20%"" (that figure doesn't appear in the document). Mexico's figures are roughly accurate (35% domestic+partial international, rising to conditional 40%). India's NDC2 doesn't use formal ""conditional/unconditional"" terminology at all, unlike Indonesia's CM1/CM2 structure it just discusses general finance/resource gaps. The ""~2–4 GtCO2e/year"" aggregate gap figure appears nowhere in any document.
Source: NDC2_2022_Indonesia.pdf (pp.3,11,16,20); NDC2_2022_Mexico.pdf (p.9); NDC2_2022_India.pdf (p.3)",None,"Indonesia's percentages are wrong, India is mischaracterized as having a formal conditional-target split it doesn't use, and the ""2-4 GtCO2e/year"" figure has no source in the corpus; only Mexico's figures hold up.",Reviewer 1,Not formally adjudicated
74,G019,GAP DETECTION,Assess the gap between G20 NDC2 industrial decarbonisation commitments and IPCC AR6 guidance for heavy industry.,"IPCC WG3 SPM identifies steel, cement, and chemicals as needing electrification, hydrogen, and CCS (pp.32-43); no dedicated industry chapter exists in this corpus. South Korea's NDC2 is actually quite specific naming steelmaking, petrochemicals, cement, with electric furnaces, naphtha-cracker shifts, and a cement energy-saving target (p.2). However, Japan's ""Green Innovation Fund"" appears nowhere in its NDC2, and the EU's NDC2 has no reference to ""Industrial Strategy"" or CBAM both claims are unsupported. China, India, and Brazil do treat industry within economy-wide targets without sector-level quantification.
Source: WG3_SPM_2022.pdf (pp.32-43); NDC2_2021_South_Korea.pdf (p.2); NDC2_2021_Japan.pdf (no mention); NDC2_2020_EU.pdf (no mention)",Partial,"the IPCC framing and broad ""most G20 lack sector-specific industrial targets"" conclusion hold, but the Japan ""Green Innovation Fund"" and EU ""Industrial Strategy/CBAM"" citations have no support in either document, and South Korea's commitments are more specific than the answer suggests.",Reviewer 1,Not formally adjudicated
75,G020,GAP DETECTION,How does the distribution of G20 NDC2 ambition levels relate to historical cumulative emissions and the equity principle in IPCC AR6?,"PCC WG3 SPM (Section B.3) confirms major historical-emissions disparities LDCs contributed under 0.4% of cumulative CO2-FFI emissions (1850–2019) while a few regions hold the bulk supporting the equity principle. But ""Climate Action Tracker"" appears nowhere in this corpus the claim that Russia and Australia are ""rated insufficient"" by it is unsupported by any document. The corpus also doesn't explicitly name USA/EU/UK/Russia as top historical emitters or state that ""current NDCs do not reflect equity adequately.""
Source: WG3_SPM_2022.pdf (p.13, Section B.3); WG3_Chapter04_MitigationDevelopmentPathways_2022.pdf (p.34)",None,"the general equity/historical-emissions framing is broadly consistent with WG3 SPM, but the ""Climate Action Tracker"" citation is unsupported (absent from the corpus entirely), and the specific country-ranking and ""IPCC finds NDCs don't reflect equity"" claims aren't verifiable in the provided documents.",Reviewer 1,Not formally adjudicated
76,G021,GAP DETECTION,"Which G20 NDC2 submissions address fossil fuel subsidies, and how does this compare to IPCC guidance?"," Indonesia is the clear G20 example addressing fossil fuel subsidies its NDC2 states it's ""one of the pioneer countries for fossil fuel subsidy reform"" and has ""succeeded in removing fossil fuel subsidies"" to redirect funds to renewables/infrastructure entirely omitted from the existing answer. Canada's NDC2 has no mention of fossil fuel subsidies, and the UK's NDC2 has no reference to ""Green Finance Taxonomy"" both cited claims are unsupported. Russia's ""subsidies"" mention relates to housing, not fossil fuels. No G20 NDC2 gives a phase-out timeline with specific amounts.
Source: NDC2_2022_Indonesia.pdf (p.17); NDC2_2021_Canada.pdf (no mention); NDC2_2022_UK.pdf (no mention); NDC2_2022_Russia.pdf (p.15, unrelated)",None,"the two specific examples (Canada, UK) appear nowhere in their documents, while Indonesia, the actual G20 nation addressing fossil fuel subsidies, was omitted entirely. Only the ""Mexico/Saudi Arabia/Russia silent on it"" part holds up.",Reviewer 1,Not formally adjudicated
77,G022,GAP DETECTION,"Which G20 countries in the corpus have net zero targets in their NDC2 and which do not, and how does this compare to IPCC's 2050 requirement?","Countries WITH net-zero/carbon-neutrality targets in NDC2: UK, EU, Canada, Japan, South Korea, Australia, Brazil (all 2050), China (2060), India (2070), and Russia (2060) the last two were wrongly placed in the ""no year"" group by the existing answer. Genuinely WITHOUT a stated year: Saudi Arabia (only references an external Net-Zero Producers Forum), Indonesia (aspirational, no year), Mexico, and Argentina. So only 4 of 14 not ""over half"" actually lack a net-zero year.
Source: NDC2_2022_India.pdf (p.4); NDC2_2022_Russia.pdf (pp.9,31-32); plus NDC2_2022_UK.pdf, NDC2_2020_EU.pdf, NDC2_2021_Canada.pdf, NDC2_2021_Japan.pdf, NDC2_2021_South_Korea.pdf, NDC2_2022_Australia.pdf, NDC2_2022_Brazil.pdf, NDC2_2021_China.pdf, NDC2_2021_Saudi_Arabia.pdf, NDC2_2022_Indonesia.pdf",Partial,"the ""with net-zero"" list and China's 2060 figure are correct, but India (net-zero 2070) and Russia (carbon neutrality 2060) were wrongly placed in the ""no year"" group, both of which explicitly state target years in their NDC2 text. This means the ""over half lack net-zero commitments"" conclusion is overstated only 4 of 14 actually do.",Reviewer 1,Not formally adjudicated
78,G023,GAP DETECTION,What is the gap between G20 NDC2 food system commitments and IPCC AR6 recommendations for sustainable food systems?,"IPCC WG3 confirms food systems contribute 23–42% of global GHG emissions (accurate). But the claim that food waste/dietary measures are absent from G20 NDC2s is wrong: China's NDC2 cites a nationwide ""empty-plate"" food waste reduction campaign (p.38), and Turkey's NDC2 explicitly addresses ""reducing food loss and waste"" alongside its below-average meat/dairy consumption (p.14). Brazil and India's agriculture focus on productivity/adaptation, not dietary transition, is correctly characterized.
Source: WG3_TechnicalSummary_2022.pdf (p.65); NDC2_2021_China.pdf (p.38); NDC2_2023_Turkey.pdf (p.14)",Partial,"the 23-42% IPCC figure and Brazil/India characterization are accurate, but the claim that ""no G20 NDC2 includes food waste reduction"" is factually wrong China and Turkey both explicitly address it, so food waste isn't ""essentially absent"" as stated.",Reviewer 1,Not formally adjudicated
80,G025,GAP DETECTION,Summarise the three most critical gaps between the collective G20 NDC2 ambition and IPCC AR6 1.5 degree pathway requirements.,"Three document-supportable gaps: (1) Ambition/Timeline IPCC requires 43% below 2019 emissions by 2030 for 1.5°C, but G20 NDC2s use inconsistent baselines (2005, 2018, BAU), so collective ambition doesn't map cleanly to this; no document supports ""~2.5°C warming"" or ""43% of needed mitigation achieved."" (2) Sector Gap most NDC2s rely on economy-wide targets instead of IPCC's recommended sector-specific roadmaps for industry, transport, food systems. (3) Finance Gap developing-nation conditional targets (e.g., Indonesia 29%→41%, Mexico 35%→40%) depend on unmet international finance, while no developed G20 nation commits specific outward finance amounts in its NDC2.
Source: WG3_SPM_2022.pdf (pp.21,32-43); WG3_TechnicalSummary_2022.pdf (p.65); NDC2_2022_Indonesia.pdf (p.11); NDC2_2022_Mexico.pdf (p.9)",Partial," the three-gap structure and sector/finance details are accurate, but the ""~2.5°C warming"" and ""43% of mitigation achieved"" figures appear nowhere in the corpus they wrongly conflate IPCC's required reduction target with an unsupported claim about NDC2 achievement.",Reviewer 1,Not formally adjudicated
