Question Number,Question ID,Category,Agreement Label,Reviewer Notes,Adjudication Status
24,F024,FACTUAL,Full,,Not formally adjudicated
64,G009,GAP DETECTION,Partial,"consistent on the raw numbers, divergent on sourcing scope and on how confidently a ""contradiction"" can be declared.",Not formally adjudicated
42,C012,COMPARATIVE,Partial,"The existing answer captures the broad difference correctly but misses key document-specific evidence such as India's 1.56 metric tonnes per capita emission figure, the PM's direct CBDR quote, and China's legal demand for ""economy-wide absolute quantified emission reduction targets",Not formally adjudicated
56,G001,GAP DETECTION,Full,raw/NDC/China/NDC2_2021_China.pdf  raw/IPCC_AR6/WG3/WG3_Chapter06_EnergySystems_2022.pdf  raw/IPCC_AR6/WG3/WG3_SPM_2022.pdf,Not formally adjudicated
39,C009,COMPARATIVE,Full,,Not formally adjudicated
28,F028,FACTUAL,Full,,Not formally adjudicated
10,F010,FACTUAL,Full,,Not formally adjudicated
79,G024,GAP DETECTION,Partial,"Correct on the $100B gap and absent NDC2 commitments, but the $2.4 trillion figure and ""24× underfunding"" claim do not exist in your documents; the correct figure is $474B/year (5× gap).",Not formally adjudicated
67,G012,GAP DETECTION,Partial,"Correct on missing quantified targets and adaptation framing, but ""20–30% mitigation by 2050"" and ""14% of national emissions"" are not found anywhere in your documents.",Not formally adjudicated
44,C014,COMPARATIVE,Partial,"Agree: Indonesia is more structured (sector-specific targets, conditional/unconditional split, adaptation annex) and higher on specificity; Turkey gives one 41%-vs-BAU target with no sector breakdown.    Disagree: percentages are wrong — this 2021 doc says 29%/41% (p22), not 31.89%/43.20% (those are the 2022 Enhanced NDC). And ""Just Transition"" is Indonesia's strength, not Turkey's.",Not formally adjudicated
54,C024,COMPARATIVE,Partial,"The points on Japan's legislative grounding and South Korea's K-ETS monitoring linkage are reasonable. However, neither document explicitly mentions ""biennial transparency reporting"" — that term does not appear in either NDC2 text. Also, Japan's ""Basic Environment Plan"" is not referenced in the uploaded Japan NDC2 document. These appear to be external knowledge claims not supported by the uploaded documents, which was the agreed basis for this analysis.",Not formally adjudicated
18,F018,FACTUAL,Partial,More details needed in your answer,Not formally adjudicated
47,C017,COMPARATIVE,Partial,"right on the targets and the missing 34%-aligned figure, but it imports two facts not in the documents.",Not formally adjudicated
29,F029,FACTUAL,Full,,Not formally adjudicated
16,F016,FACTUAL,Partial,More details needed in your answer,Not formally adjudicated
9,F009,FACTUAL,Full,,Not formally adjudicated
72,G017,GAP DETECTION,Partial,"The directional finding (G20 NDC2s lack quantified NbS targets vs. IPCC recommendations) is supported by the documents, but the specific ""10–12 GtCO₂e/year"" figure and ""WG3 Chapter 7"" reference cannot be verified as that chapter is absent from the zip.",Not formally adjudicated
40,C010,COMPARATIVE,Full,,Not formally adjudicated
31,C001,COMPARATIVE,Partial,The existing answer is partially correct but includes claims outside the documents. My answer stays fully within the documents while providing stronger context.,Not formally adjudicated
65,G010,GAP DETECTION,Partial,"Correct that no G20 NDC2 has quantified L&D finance commitments, but wrong that India mentions impacts (NDC2_2022_India.pdf has zero mentions). The gap is also deeper than finance alone — WG2_Chapter17 (p.25) explicitly states L&D assessments in NDCs ""have remained scarce,"" and WG2_SPM_2022.pdf (p.13) confirms losses cannot be eliminated even at 1.5°C.",Not formally adjudicated
1,F001,FACTUAL,Full,,Not formally adjudicated
2,F002,FACTUAL,Full,,Not formally adjudicated
3,F003,FACTUAL,Full,,Not formally adjudicated
4,F004,FACTUAL,Full,,Not formally adjudicated
5,F005,FACTUAL,Full,,Not formally adjudicated
6,F006,FACTUAL,Full,,Not formally adjudicated
7,F007,FACTUAL,Full,,Not formally adjudicated
8,F008,FACTUAL,Partial,"The 68% target and 1990 baseline are both correct. However, the claim that this is ""the UK's first NDC submitted after leaving the European Union"" is not supported anywhere in the document — that framing/context does not appear in NDC2_2022_UK.pdf and should be dropped or independently verified outside this source.",Not formally adjudicated
11,F011,FACTUAL,Full,,Not formally adjudicated
12,F012,FACTUAL,Full,,Not formally adjudicated
13,F013,FACTUAL,Partial,"The baseline year (2005) and the 2050 climate neutrality commitment are correct. However, the reduction figure is wrong: the document states 53.1 percent, not 50 percent, for the 2030 target (corresponding to an absolute target of 1.20 GtCO2e). The ""2023 NDC adjustment"" framing is also not the title of the document used the file is NDC2_2022_Brazil.pdf.",Not formally adjudicated
14,F014,FACTUAL,None,"The figures in the existing answer (31.89% unconditional, 43.20% conditional) do not appear anywhere in NDC2_2022_Indonesia.pdf. The document explicitly states the unconditional target as 29% and the conditional target as up to 41% against the BAU scenario by 2030. The mechanism described (conditional on international support) is correctly characterized, but both numeric values in the existing answer are incorrect.",Not formally adjudicated
15,F015,FACTUAL,Partial,"Sectors listed (water, health, agriculture, coastal/marine) overlap with the document, but the existing answer misses the primary framework: Indonesia's NDC2 organizes adaptation around three resilience pillars (economic, social/livelihood, ecosystem/landscape), not sectors. ""Infrastructure resilience"" and ""climate resilient development pathways"" are not stated as named priorities on this page.",Not formally adjudicated
17,F017,FACTUAL,Full,,Not formally adjudicated
19,F019,FACTUAL,Partial,"The 350–420 MtCO2e figure and the peak-plateau-decline framing are both correct, but only for the 2030 target specifically. The existing answer mischaracterizes this single-year 2030 figure as covering the entire ""2025 to 2030"" period — the document actually specifies a separate, higher range (398–510 Mt CO2-eq) for 2025, with 350–420 Mt CO2-eq applying only to 2030.",Not formally adjudicated
20,F020,FACTUAL,Full,,Not formally adjudicated
21,F021,FACTUAL,Full,,Not formally adjudicated
22,F022,FACTUAL,Partial,"The 41% figure and BAU comparison are correct, but the document states a fixed 41% target, not ""up to 41%"" there is no conditional or ceiling framing in the text. The existing answer also omits the base year (2012) and the absolute equivalent figure (695 Mt CO2 eq), both of which are explicitly stated in the document.",Not formally adjudicated
23,F023,FACTUAL,None,"The existing answer's figures belong to Russia's first NDC (2020), not its second NDC. The document explicitly states the second NDC supersedes the first with a different, later target: 65–67% of 1990 levels by 2035 (not 70% by 2030). The forest absorption caveat is correctly characterized, but both the percentage and the target year in the existing answer are incorrect for NDC2.",Not formally adjudicated
25,F025,FACTUAL,None,"The ""70 to 85 percent"" figure does not appear anywhere in WG3_Chapter06_EnergySystems_2022.pdf, the WG3 SPM, or the WG3 Technical Summary. The chapter's actual headline figures are 93–97% low-carbon electricity share by 2050 (2°C pathway, not specifically ""renewable"") and 48–58% electricity-as-share-of-final-energy by 2050 (1.5°C pathway) — both materially different from the claimed figure and the claimed metric.",Not formally adjudicated
26,F026,FACTUAL,Full,,Not formally adjudicated
27,F027,FACTUAL,Partial,"The cost trend figures (85% solar, 55% wind, 2010–2019) are verified exactly. The ""29 percent"" renewable electricity share for 2019 does not appear in either document and should be corrected to the figures actually stated (8% solar+wind, 16% hydro, 37% total low-carbon).",Not formally adjudicated
30,F030,FACTUAL,Partial,"The conditionality on the 50% non-fossil capacity target (technology transfer, GCF finance) is correctly stated. However, the claim that the 45% emissions intensity target is ""described as conditional on international support"" is not supported — the document attaches no such condition to that target; it is presented as an unconditional commitment.",Not formally adjudicated
32,C002,COMPARATIVE,Partial,"The UK, EU, and Canada entries are verified exactly. The Japan entry is incorrect: net-zero by 2050 is not just ""announced... and reflected in NDC2"" — it is legislatively codified as a Basic Principle under Act No. 54 of 2021, the same legislative-basis category as the other three countries.",Not formally adjudicated
33,C003,COMPARATIVE,Partial,"The two targets are stated correctly. The comparative conclusion (China's target being more specific/measurable) is a reasonable reading, but the supporting claim that India's target ""lacks a clear baseline"" while implying China's has one is incorrect — neither NDC2_2022_India.pdf nor NDC2_2021_China.pdf states a current baseline capacity figure for the respective targets.",Not formally adjudicated
34,C004,COMPARATIVE,Partial,"The core observation  different baseline years (2013 vs. 2005) make direct comparison misleading is correct and verifiable. However, the specific claim that ""46% below 2013 translates to approximately 50% below 2005"" and the recommendation to use ""2019 or absolute MtCO2e"" as a common reference do not appear in either document these are external analytical additions, not findings from the source texts, and should not be presented as document-grounded.",Not formally adjudicated
35,C005,COMPARATIVE,Partial,Mexico correct; Indonesia's figures and resulting gap calculation are wrong; India's conditionality is overstated.,Not formally adjudicated
36,C006,COMPARATIVE,Partial,"The two headline figures and both 2050 net zero commitments are correct, but the ""50-53% rebaselined"" figure and CAT rating appear in neither document; they are external additions, not document-grounded findings.",Not formally adjudicated
37,C007,COMPARATIVE,Partial,"Indonesia's FOLU/peatland-sector framing is accurate, but Brazil's commitment is ""zero deforestation,"" not ""illegal deforestation,"" and ""12 million hectares"" is not stated in NDC2_2022_Brazil.pdf.",Not formally adjudicated
38,C008,COMPARATIVE,Partial,"All five countries' inclusion/exclusion is correct, but China's ""launched in 2021"" detail is not stated in the document (it describes phased construction, not a specific launch year), and Japan's ""Green Innovation Fund"" claim does not appear anywhere in NDC2_2021_Japan.pdf.",Not formally adjudicated
41,C011,COMPARATIVE,Partial,"South Africa's gas count is wrong: it covers five gases, not all six Kyoto Protocol gases, and explicitly excludes SF6 and NF3. The peak-plateau-decline framing for South Africa and the circular carbon economy/CCUS emphasis for Saudi Arabia are both correct, but Saudi Arabia's ""CO2, CH4, N2O"" gas-scope claim is not explicitly stated in the document in that form.",Not formally adjudicated
43,C013,COMPARATIVE,Partial,"Qualitative direction matches, but the specific figures cited (South Korea's 3.62M EVs/290K hydrogen vehicles, EU's 30M zero-emission vehicles) do not appear in the actual document text they're unverifiable/likely sourced from outside the corpus.",Not formally adjudicated
45,C015,COMPARATIVE,Partial,"South Africa being the most explicit is correct, but the specific ""120,000 direct workers"" figure, the UK's ""Just Transition Commission for Scotland,"" and Canada's ""oil and gas workers"" reference do not appear in the actual document text these are not verifiable from the corpus. Also, more countries (Argentina, Indonesia, Turkey, Russia, South Korea, EU) mention just transition than the existing answer's ""most other submissions"" framing suggests.",Not formally adjudicated
46,C016,COMPARATIVE,Partial,"The core comparison (Australia's 43% absolute cut vs India's intensity/non-fossil targets) and IPCC's 43%-by-2030 benchmark are confirmed in the documents, but the existing answer's claims about India's target being ""conditional"" and references to ""per-capita emissions""/CBDR are not found anywhere in India's NDC2 text  these are external additions not supported by the corpus.",Not formally adjudicated
48,C018,COMPARATIVE,Partial,"The core distinction (Russia conditioning its target on forest absorptive capacity vs. Brazil's deforestation/restoration commitments) is confirmed in the documents, but the existing answer says ""30% reduction target,"" while the document actually states the target as ""reduction to 70% of 1990 levels"" (mathematically equivalent but not phrased that way), and Brazil's NDC2 text says ""zero deforestation,"" not ""halting illegal deforestation"" as worded in the existing answer.",Not formally adjudicated
49,C019,COMPARATIVE,Partial,"The 43% reduction benchmark and ""substantially falls short"" conclusion are confirmed, but the specific figures are wrong  the document does not state a ""10-16% increase"" (it instead says NDC emissions stay near/slightly below 2019 levels), and the projected warming is 2.8°C, not 2.5°C, as stated in the existing answer.",Not formally adjudicated
50,C020,COMPARATIVE,Partial,"The general ranking and Brazil's contrast are roughly supported, but the existing answer's claim that India invokes the ""USD 100 billion per year commitment"" does not appear in India's NDC2 text, and South Africa not India has the most explicit/specific adaptation finance language in the corpus.",Not formally adjudicated
51,C021,COMPARATIVE,Partial,"All major claims are verified in the documents both countries cover comparable sectors (energy, transport, industry, agriculture, forestry/land use, waste, buildings), Mexico's electricity section explicitly emphasizes distributed renewable generation, and Canada's NDC2 contains more detailed/quantified sector measures while Mexico's are more qualitative.",Not formally adjudicated
52,C022,COMPARATIVE,Partial,"The existing answer is factually inverted China's NDC2 does explicitly mention hydrogen (filling stations, hydrogen energy R&D), while South Korea's NDC2 contains only one passing hydrogen reference with no ""290,000 vehicles/450 stations"" target found anywhere in the document; these specific figures do not appear in the corpus.",Not formally adjudicated
53,C023,COMPARATIVE,Partial,"The 1990-baseline explanation for Russia and Turkey's late-2021 ratification/first-NDC status are both confirmed in the documents, but the claim that ""Russia uses LULUCF accounting to soften effective reductions"" — while plausible based on prior questions about forest absorptive capacity — and the ""large fossil fuel industries"" framing are not explicitly stated as causal explanations within these NDC2 texts; they are reasonable inference, not document-sourced fact.",Not formally adjudicated
55,C025,COMPARATIVE,Partial,"Argentina's strong lead is correct, but the claim it's the ""only G20 country"" with gender-climate integration is false gender is referenced in 12 of 13 NDC2s checked, and the cited ""National Action Plan on Gender and Climate Change"" title isn't found verbatim in the document.",Not formally adjudicated
57,G002,GAP DETECTION,Partial,"The existing answer's central claim — that ""India has no net zero target year specified in its NDC2"" and that 2070 was announced ""outside the formal NDC process"" is factually wrong; the document explicitly states the 2070 net-zero goal on page 4 of the NDC2 itself.",Not formally adjudicated
58,G003,GAP DETECTION,Partial,"The IPCC 34% figure and ""no NDC2 meets it"" conclusion are confirmed, but the existing answer is factually wrong claiming Saudi Arabia hasn't signed the Global Methane Pledge its own NDC2 explicitly states Saudi Arabia is a member; South Korea's membership is also undocumented in the existing answer's signer list.",Not formally adjudicated
59,G004,GAP DETECTION,Partial,"correct that most NDC2s leave finance unquantified, but wrong that South Africa lacks a figure (it states USD 8bn/yr), and the ""USD 127 billion"" IPCC citation isn't in the source documents (only ""127 key risks"" appears, a different fact entirely).",Not formally adjudicated
60,G005,GAP DETECTION,Partial,"UK/Canada and the ""no commitment"" countries are correctly identified, but the IPCC figure is wrong (67–82%, not 59–78%), the EU has no coal mention at all (no Green Deal reference exists in its NDC2), South Korea's commitment was omitted, and China is mischaracterized as having no commitment when it has narrower pledges.",Not formally adjudicated
61,G006,GAP DETECTION,Partial,"Russia and Saudi Arabia examples are accurate. Argentina is wrong — the actual target is an unconditional 349 MtCO2e cap by 2030 (not 369, not conditional), so it isn't a valid example of vagueness; a third example would need to be sourced elsewhere in the corpus.",Not formally adjudicated
62,G007,GAP DETECTION,Partial,"UK's commitment and the broad ""most G20 lack quantified transport targets"" conclusion are correct, but the IPCC figure is wrong (59%, 42–68% range not 59–84%), the cited ""WG3 Chapter 10"" document doesn't exist standalone in the corpus, and South Korea's ""specific EV target"" claim is unsupported its NDC2 gives no actual number.",Not formally adjudicated
63,G008,GAP DETECTION,None,"3 of 4 claimed gaps are factually wrong (aviation/shipping, industrial process, and land/forestry are all mentioned in the document); only the ""no adaptation finance for vulnerable nations"" point holds.",Not formally adjudicated
66,G011,GAP DETECTION,Partial,"The core insight (43% Australia is measured against 2005, not the IPCC's 2019 baseline) is correctly identified and document-supported, but the ""50-70% for developed economies"" IPCC benchmark and the ""38-40% below 2019"" recalculated figure are not found anywhere in the provided documents they appear to be external estimates, not document-sourced.",Not formally adjudicated
68,G013,GAP DETECTION,None,"the ""unconditional 35%"" framing is wrong (it's part domestic, part internationally-funded, with a separate conditional 40% target), the claim of ""no domestic legislation referenced"" is directly contradicted by the General Climate Change Law citation, and the PEMEX/CFE-reversal/declining-renewables claim has no support in this document.",Not formally adjudicated
69,G014,GAP DETECTION,None,"All four claimed absences are factually wrong renewable energy, transport electrification, industrial decarbonisation, and methane-reduction actions are all explicitly mentioned in Russia's NDC2. The true gap is lack of quantified targets for these sectors, not their complete absence as the existing answer states.",Not formally adjudicated
70,G015,GAP DETECTION,Partial,"coal/LNG gaps are accurate, but the core baseline claim is wrong (target is 40% below actual 2018 emissions, not BAU), invalidating the recalculated ""~24%"" figure, and the nuclear-power claim has no textual support.",Not formally adjudicated
71,G016,GAP DETECTION,Partial,"Saudi Arabia/USA mentions and the ""no quantified CCS targets"" conclusion are correct, but the IPCC figure is imprecise (it's BECCS-specific, not generic CCS), and the claim that Japan mentions CCS is false — it appears nowhere in Japan's NDC2.",Not formally adjudicated
73,G018,GAP DETECTION,None,"Indonesia's percentages are wrong, India is mischaracterized as having a formal conditional-target split it doesn't use, and the ""2-4 GtCO2e/year"" figure has no source in the corpus; only Mexico's figures hold up.",Not formally adjudicated
74,G019,GAP DETECTION,Partial,"the IPCC framing and broad ""most G20 lack sector-specific industrial targets"" conclusion hold, but the Japan ""Green Innovation Fund"" and EU ""Industrial Strategy/CBAM"" citations have no support in either document, and South Korea's commitments are more specific than the answer suggests.",Not formally adjudicated
75,G020,GAP DETECTION,None,"the general equity/historical-emissions framing is broadly consistent with WG3 SPM, but the ""Climate Action Tracker"" citation is unsupported (absent from the corpus entirely), and the specific country-ranking and ""IPCC finds NDCs don't reflect equity"" claims aren't verifiable in the provided documents.",Not formally adjudicated
76,G021,GAP DETECTION,None,"the two specific examples (Canada, UK) appear nowhere in their documents, while Indonesia, the actual G20 nation addressing fossil fuel subsidies, was omitted entirely. Only the ""Mexico/Saudi Arabia/Russia silent on it"" part holds up.",Not formally adjudicated
77,G022,GAP DETECTION,Partial,"the ""with net-zero"" list and China's 2060 figure are correct, but India (net-zero 2070) and Russia (carbon neutrality 2060) were wrongly placed in the ""no year"" group, both of which explicitly state target years in their NDC2 text. This means the ""over half lack net-zero commitments"" conclusion is overstated only 4 of 14 actually do.",Not formally adjudicated
78,G023,GAP DETECTION,Partial,"the 23-42% IPCC figure and Brazil/India characterization are accurate, but the claim that ""no G20 NDC2 includes food waste reduction"" is factually wrong China and Turkey both explicitly address it, so food waste isn't ""essentially absent"" as stated.",Not formally adjudicated
80,G025,GAP DETECTION,Partial," the three-gap structure and sector/finance details are accurate, but the ""~2.5°C warming"" and ""43% of mitigation achieved"" figures appear nowhere in the corpus they wrongly conflate IPCC's required reduction target with an unsupported claim about NDC2 achievement.",Not formally adjudicated
